{
    "test": {
        "combined": {
            "accuracy": [
                0.5238095238095238,
                0.5238095238095238,
                0.5238095238095238,
                0.5238095238095238,
                0.5238095238095238,
                0.5238095238095238,
                0.5238095238095238,
                0.5238095238095238,
                0.5238095238095238,
                0.5238095238095238,
                0.5238095238095238,
                0.5238095238095238,
                0.5238095238095238,
                0.5238095238095238,
                0.5238095238095238,
                0.5238095238095238,
                0.5238095238095238,
                0.5238095238095238,
                0.5238095238095238,
                0.5238095238095238,
                0.5238095238095238,
                0.5238095238095238,
                0.5238095238095238,
                0.5238095238095238,
                0.5238095238095238,
                0.5238095238095238,
                0.5238095238095238,
                0.5238095238095238,
                0.5238095238095238,
                0.5238095238095238,
                0.5238095238095238,
                0.47619047619047616,
                0.47619047619047616,
                0.49206349206349204,
                0.47619047619047616,
                0.47619047619047616,
                0.4444444444444444,
                0.4444444444444444,
                0.36507936507936506,
                0.31746031746031744,
                0.3333333333333333,
                0.3492063492063492
            ],
            "loss": [
                9.19535900297619,
                8.976443336123513,
                8.75730968656994,
                8.537938678075397,
                8.318318684895834,
                8.098434206039187,
                7.878271678137401,
                7.657815600198413,
                7.437050955636161,
                7.215963696676587,
                6.994538806733631,
                6.77275884719122,
                6.5506102546813,
                6.328079950241816,
                6.105152432880704,
                5.881819467695933,
                5.658069913349454,
                5.433902316623264,
                5.209322490389385,
                4.984346420045883,
                4.759014795696925,
                4.533401731460813,
                4.30763414171007,
                4.081927102709574,
                3.856629386780754,
                3.632301209464906,
                3.4098118373325894,
                3.1904660179501487,
                2.976130652049231,
                2.7693045479910716,
                2.573060050843254,
                2.3908144027467757,
                2.22594972640749,
                2.081362769717262,
                1.959026155017671,
                1.8596480838836185,
                1.7824929858010912,
                1.7254457019624256,
                1.6853284078931052,
                1.658385261656746,
                1.6408136761377727,
                1.629197741311694
            ]
        },
        "target": {
            "accuracy": [
                0.5238095238095238,
                0.5238095238095238,
                0.5238095238095238,
                0.5238095238095238,
                0.5238095238095238,
                0.5238095238095238,
                0.5238095238095238,
                0.5238095238095238,
                0.5238095238095238,
                0.5238095238095238,
                0.5238095238095238,
                0.5238095238095238,
                0.5238095238095238,
                0.5238095238095238,
                0.5238095238095238,
                0.5238095238095238,
                0.5238095238095238,
                0.5238095238095238,
                0.5238095238095238,
                0.5238095238095238,
                0.5238095238095238,
                0.5238095238095238,
                0.5238095238095238,
                0.5238095238095238,
                0.5238095238095238,
                0.5238095238095238,
                0.5238095238095238,
                0.5238095238095238,
                0.5238095238095238,
                0.5238095238095238,
                0.5238095238095238,
                0.47619047619047616,
                0.47619047619047616,
                0.49206349206349204,
                0.47619047619047616,
                0.47619047619047616,
                0.4444444444444444,
                0.4444444444444444,
                0.36507936507936506,
                0.31746031746031744,
                0.3333333333333333,
                0.3492063492063492
            ],
            "loss": [
                9.19535900297619,
                8.976443336123513,
                8.75730968656994,
                8.537938678075397,
                8.318318684895834,
                8.098434206039187,
                7.878271678137401,
                7.657815600198413,
                7.437050955636161,
                7.215963696676587,
                6.994538806733631,
                6.77275884719122,
                6.5506102546813,
                6.328079950241816,
                6.105152432880704,
                5.881819467695933,
                5.658069913349454,
                5.433902316623264,
                5.209322490389385,
                4.984346420045883,
                4.759014795696925,
                4.533401731460813,
                4.30763414171007,
                4.081927102709574,
                3.856629386780754,
                3.632301209464906,
                3.4098118373325894,
                3.1904660179501487,
                2.976130652049231,
                2.7693045479910716,
                2.573060050843254,
                2.3908144027467757,
                2.22594972640749,
                2.081362769717262,
                1.959026155017671,
                1.8596480838836185,
                1.7824929858010912,
                1.7254457019624256,
                1.6853284078931052,
                1.658385261656746,
                1.6408136761377727,
                1.629197741311694
            ]
        }
    },
    "train": {
        "combined": {
            "accuracy": [
                0.5471698113207547,
                0.5471698113207547,
                0.5471698113207547,
                0.5471698113207547,
                0.5471698113207547,
                0.5471698113207547,
                0.5471698113207547,
                0.5471698113207547,
                0.5471698113207547,
                0.5471698113207547,
                0.5471698113207547,
                0.5471698113207547,
                0.5471698113207547,
                0.5471698113207547,
                0.5471698113207547,
                0.5471698113207547,
                0.5471698113207547,
                0.5471698113207547,
                0.5471698113207547,
                0.5471698113207547,
                0.5471698113207547,
                0.5471698113207547,
                0.5471698113207547,
                0.5471698113207547,
                0.5471698113207547,
                0.5471698113207547,
                0.5471698113207547,
                0.5471698113207547,
                0.5471698113207547,
                0.5471698113207547,
                0.5424528301886793,
                0.5330188679245284,
                0.5047169811320755,
                0.4669811320754717,
                0.44339622641509435,
                0.4386792452830189,
                0.41509433962264153,
                0.39622641509433965,
                0.3867924528301887,
                0.36792452830188677,
                0.35377358490566035,
                0.37264150943396224
            ],