{
    "test": {
        "combined": {
            "accuracy": [
                0.6111111111111112,
                0.6111111111111112,
                0.6111111111111112,
                0.6111111111111112,
                0.6111111111111112,
                0.6111111111111112,
                0.6111111111111112,
                0.6111111111111112,
                0.6111111111111112,
                0.6111111111111112,
                0.6666666666666666,
                0.6666666666666666,
                0.7222222222222222,
                0.7222222222222222,
                0.7222222222222222,
                0.7222222222222222,
                0.7222222222222222,
                0.7222222222222222,
                0.7222222222222222,
                0.7777777777777778,
                0.7777777777777778,
                0.8333333333333334,
                0.8333333333333334,
                0.8333333333333334,
                0.8888888888888888,
                0.8888888888888888,
                0.8888888888888888,
                0.8888888888888888,
                0.8333333333333334,
                0.8333333333333334,
                0.7777777777777778,
                0.8333333333333334,
                0.8333333333333334,
                0.8333333333333334
            ],
            "loss": [
                2.8534954918755426,
                2.721278296576606,
                2.590115441216363,
                2.4600514305962458,
                2.3313732147216797,
                2.204654269748264,
                2.080340279473199,
                1.9590894911024306,
                1.8418333265516493,
                1.7296392652723525,
                1.6235400305853949,
                1.524330245123969,
                1.4323861863878038,
                1.3475884331597223,
                1.2694533665974934,
                1.197406980726454,
                1.131069501241048,
                1.070418569776747,
                1.0158223046196833,
                0.9679795371161567,
                0.9278464847140842,
                0.8965663909912109,
                0.8752793206108941,
                0.8646982510884603,
                0.8646280500623915,
                0.8738242785135905,
                0.890324592590332,
                0.9118922551472982,
                0.9363088607788086,
                0.96147706773546,
                0.985457632276747,
                1.0065798229641385,
                1.0236000484890408,
                1.0357527203030057
            ]
        },
        "histology": {
            "accuracy": [
                0.6111111111111112,
                0.6111111111111112,
                0.6111111111111112,
                0.6111111111111112,
                0.6111111111111112,
                0.6111111111111112,
                0.6111111111111112,
                0.6111111111111112,
                0.6111111111111112,
                0.6111111111111112,
                0.6666666666666666,
                0.6666666666666666,
                0.7222222222222222,
                0.7222222222222222,
                0.7222222222222222,
                0.7222222222222222,
                0.7222222222222222,
                0.7222222222222222,
                0.7222222222222222,
                0.7777777777777778,
                0.7777777777777778,
                0.8333333333333334,
                0.8333333333333334,
                0.8333333333333334,
                0.8888888888888888,
                0.8888888888888888,
                0.8888888888888888,
                0.8888888888888888,
                0.8333333333333334,
                0.8333333333333334,
                0.7777777777777778,
                0.8333333333333334,
                0.8333333333333334,
                0.8333333333333334
            ],
            "hits_at_k": [
                1.0,
                1.0,
                1.0,
                1.0,
                1.0,
                1.0,
                1.0,
                1.0,
                1.0,
                1.0,
                1.0,
                1.0,
                1.0,
                1.0,
                1.0,
                1.0,
                1.0,
                1.0,
                1.0,
                1.0,
                1.0,
                1.0,
                1.0,
                1.0,
                1.0,
                1.0,
                1.0,
                1.0,
                1.0,
                1.0,
                1.0,
                1.0,
                1.0,
                1.0
            ],
            "loss": [
                2.8534954918755426,
                2.721278296576606,
                2.590115441216363,
                2.4600514305962458,
                2.3313732147216797,
                2.204654269748264,
                2.080340279473199,
                1.9590894911024306,
                1.8418333265516493,
                1.7296392652723525,
                1.6235400305853949,
                1.524330245123969,
                1.4323861863878038,
                1.3475884331597223,
                1.2694533665974934,
                1.197406980726454,
                1.131069501241048,
                1.070418569776747,
                1.0158223046196833,
                0.9679795371161567,
                0.9278464847140842,
                0.8965663909912109,
                0.8752793206108941,
                0.8646982510884603,
                0.8646280500623915,
                0.8738242785135905,
                0.890324592590332,
                0.9118922551472982,
                0.9363088607788086,
                0.96147706773546,
                0.985457632276747,
                1.0065798229641385,
                1.0236000484890408,
                1.0357527203030057
            ]
        }
    },
    "train": {
        "combined": {
            "accuracy": [
                0.5217391304347826,
                0.5072463768115942,
                0.5072463768115942,
                0.4927536231884058,
                0.4927536231884058,
                0.4927536231884058,
                0.4782608695652174,
                0.4927536231884058,
                0.4927536231884058,
                0.4927536231884058,
                0.4927536231884058,
                0.4927536231884058,
                0.4927536231884058,
                0.4782608695652174,
                0.4782608695652174,
                0.4927536231884058,
                0.4927536231884058,
                0.4782608695652174,
                0.5217391304347826,
                0.5217391304347826,
                0.5652173913043478,
                0.5652173913043478,
                0.6086956521739131,
                0.6231884057971014,
                0.6376811594202898,
                0.6231884057971014,
                0.6376811594202898,
                0.6086956521739131,
                0.5942028985507246,
                0.6086956521739131,
                0.6231884057971014,
                0.6086956521739131,
                0.5942028985507246,
                0.5797101449275363
            ],